bookmark_count,conversation_id_str,created_at,display_name,favorite_count,full_text,id_str,image_url,in_reply_to_screen_name,lang,like_count,location,quote_count,reply_count,retweet_count,tweet_url,user_id_str,username,views_count
3,1987684282312368386,Mon Nov 10 00:50:36 +0000 2025,,220,Dari program swasembada pangan pembangunan infrastruktur hingga stabilitas ekonomi nasional kiprah Soeharto masih dikenang sebagai warisan besar bangsa. #GelarPahlawanUntukSoeharto https://t.co/PSsgLqY0Fc,1987684282312368386,https://pbs.twimg.com/media/G5WsUfwbcAA__ZH.jpg,,in,220,,3,201,190,https://x.com/undefined/status/1987684282312368386,323937760,,7949
35,1985140342317068611,Mon Nov 03 00:21:54 +0000 2025,,127,40% alasan perceraian karena ekonomi. 25% nya karena selingkuh. Oleh karena ituuuuu.... Budgetting bulanan buat gue dan istri itu agenda wajib tiap alhir bulan. https://t.co/AoPF07frr4,1985140342317068611,https://pbs.twimg.com/amplify_video_thumb/1985140206333550592/img/3ygTkQ1-9rt2nKyH.jpg,,in,127,,0,1,22,https://x.com/undefined/status/1985140342317068611,2909591220,,4954
1,1988058653929422923,Tue Nov 11 01:38:14 +0000 2025,,14,#SobatRupiah pasti sudah tahu kan kalau Real Estate Perumahan Rakyat Konstruksi merupakan salah satu sektor prioritas dari Kebijakan Insentif Likuiditas Makroprudensial Bank Indonesia? Selain berkontribusi tinggi terhadap pertumbuhan ekonomi sektor ini juga bisa memperluas https://t.co/VLy1zXRjDD,1988058653929422923,https://pbs.twimg.com/amplify_video_thumb/1988058344129695744/img/xTwBayv2aPkRrZT8.jpg,,in,14,,1,3,2,https://x.com/undefined/status/1988058653929422923,153667051,,538
0,1987804924441235691,Mon Nov 10 08:50:00 +0000 2025,,439,di masa yang penuh ketidakpastian sosok yang menjadi PembawaStabilitas membimbing bangsa menuju pemulihan fondasi ekonomi kokoh tercipta dan kesejahteraan mulai dirasakan banyak sektor. https://t.co/Pbe7qL5349 https://t.co/xPzetyfUiT,1987804924441235691,https://pbs.twimg.com/media/G5YZcjPbMAAoChA.jpg,,in,439,,0,519,413,https://x.com/undefined/status/1987804924441235691,1303271928614891520,,3506
621,1985167937901404328,Mon Nov 03 02:11:33 +0000 2025,,1087,hi all! aku bikin rangkuman rumus-rumus penting ekonomi tka hope it helps yaa goodluck all https://t.co/UQ1WynH8fu,1985167937901404328,https://pbs.twimg.com/media/G4y7tw0a0AAP4Bh.jpg,,in,1087,,6,21,165,https://x.com/undefined/status/1985167937901404328,1933128600171286528,,39522
1605,1985332744390619234,Mon Nov 03 13:06:26 +0000 2025,,53085,ya Allah sedih bgt lagi belajar tp denger ortu ngomongin ekonomi . https://t.co/uzzD1d1eAY,1985332744390619234,https://pbs.twimg.com/media/G41RmtRbEAAfN_0.jpg,,in,53085,,986,533,3865,https://x.com/undefined/status/1985332744390619234,1799055681498365952,,1377783
10,1984190226194215181,Fri Oct 31 09:26:29 +0000 2025,,379,Maka Hitler bisa menjadi pahlawan Jerman krn ia sukses memantik api nasionalisme menegakkan disiplin nasional memulihkan stabilitas sosial politik keamanan dan ekonomi. Bahkan ia berhasil membuat jalan raya Autobahn lalu Auschwitz hilang dari ingatan. --------- Maksud https://t.co/5OodxMxEMp,1984190226194215181,https://pbs.twimg.com/media/G4lCfqPagAA2xUI.jpg,,in,379,,6,42,144,https://x.com/undefined/status/1984190226194215181,1159689173340585984,,7998
0,1987792836985798761,Mon Nov 10 08:01:58 +0000 2025,,92,Investasi emas tu emang gacor si bukan cuma invest buat ekonomi tapi emas juga bisa dijadiin investasi kulit loh‚Äç‚ÜîÔ∏è https://t.co/Md39vfdIzZ,1987792836985798761,https://pbs.twimg.com/media/G5YPCnFbQAAzjpt.jpg,,in,92,,0,2,92,https://x.com/undefined/status/1987792836985798761,2951084080,,764
30,1987866127796723872,Mon Nov 10 12:53:12 +0000 2025,,213,Saksikan Kebijakan Ekonomi Soeharto: Yang Kaya Semakin Kaya di Youtube Watchdoc Image https://t.co/nNSSGdViLc Soeharto naik menggantikan Sukarno di tengah inflasi 600% krisis pangan dan ekonomi nyaris ambruk. Lalu lahirlah sekelompok ekonom yang disebut Mafia Berkeley. https://t.co/FFAzH5csmT,1987866127796723872,https://pbs.twimg.com/ext_tw_video_thumb/1987866077993607168/pu/img/TkzvwPLijUk519gq.jpg,,in,213,,3,7,112,https://x.com/undefined/status/1987866127796723872,2959310304,,6037
0,1988135124244808144,Tue Nov 11 06:42:06 +0000 2025,,4,Menteri Keuangan RI Purbaya Yudhi Sadewa mengunjungi SMA Negeri 3 Jakarta Senin (10/11/2025). Kedatangannya ini merupakan bagian dari partisipasinya pada dalam program Kemenkeu Mengajar 10. Tampak ia mengajar kelas ekonomi mengenai Anggaran Pendapatan dan Belanja Negara https://t.co/0VanOLbpBD,1988135124244808144,https://pbs.twimg.com/ext_tw_video_thumb/1988135043949023232/pu/img/Lt2NT7t1-AFuYvaU.jpg,,in,4,,0,0,2,https://x.com/undefined/status/1988135124244808144,46693036,,116
20,1987650075271757884,Sun Nov 09 22:34:41 +0000 2025,,359,Klo dilihat dari sisi pertumbuhan ekonomi era Soeharto era keemasan gak ada yang bisa ngalahin oleh presiden-presiden setelahnya. Tertinggi tahun1968 (10 92%) 1973 (8 1%) 1977 (8 3%) 1980 (10%) dan 1995 (8 2%) dan rata2 stabil di 6-7% per tahunnya https://t.co/dBuM80LzxY,1987650075271757884,https://pbs.twimg.com/amplify_video_thumb/1987487853362974720/img/rEXnjSrmzv3RMO20.jpg,,in,359,,12,37,129,https://x.com/undefined/status/1987650075271757884,1068371293290946561,,15844
426,1985574815512908170,Tue Nov 04 05:08:20 +0000 2025,,940,Review TKA Day-2 Ekonomi sosiologi dan geografi https://t.co/1hAs9Iau1a,1985574815512908170,https://pbs.twimg.com/media/G44tjpUbQAI1g8H.png,,in,940,,16,9,92,https://x.com/undefined/status/1985574815512908170,1982854987932905473,,29630
9,1984246302159589725,Fri Oct 31 13:09:18 +0000 2025,,727,Dalam rangkaian kegiatan Konferensi Tingkat Tinggi (KTT) Asia Pacific Economic Cooperation (APEC) 2025) saya mengikuti APEC Economic Leaders Meeting (AELM) yang berfokus pada penguatan kerja sama ekonomi di kawasan. Dalam sambutan saya menegaskan bahwa dunia membutuhkan https://t.co/bxAIep7F7f,1984246302159589725,https://pbs.twimg.com/media/G4l1fifbkAAAGV5.jpg,,in,727,,4,130,153,https://x.com/undefined/status/1984246302159589725,40580714,,34070
2,1987684128364605463,Mon Nov 10 00:50:00 +0000 2025,,69,banyak peninggalan pembangunan dari soeharto yang masih bermanfaat sampai sekarang dari infrastruktur sampai ekonomi kerakyatan yang kuat banget terasa manfaatnya. #GelarPahlawanUntukSoeharto https://t.co/AOmg3UXVaL,1987684128364605463,https://pbs.twimg.com/media/G5WkfXKa4AAD2KI.jpg,,in,69,,0,70,62,https://x.com/undefined/status/1987684128364605463,2951689349,,2401
19,1986157968451379708,Wed Nov 05 19:45:35 +0000 2025,,372,Ini alasan mengapa selama ini saya hanya 1x berkomentar perihal fenomenal Purbaya yaitu pada saat Purbaya berkata (+/-) bhw Rocky Gerung mesti meminta maaf jika Purbaya sdh menaikkan pertumbuhan ekonomi menjadi 8%! Mengapa saya memilih untuk tidak berkomentar banyak? Karena https://t.co/Z8SqpyLSWb,1986157968451379708,https://pbs.twimg.com/media/G5BAJQvbkAAtMav.jpg,,in,372,,5,61,173,https://x.com/undefined/status/1986157968451379708,1464448807429623817,,10812
9,1987102639319142852,Sat Nov 08 10:19:22 +0000 2025,,35,PMX Perlu Campur Tangan Segera Demi Keadilan Ekonomi Bumiputera Gabungan ini menyentuh soal hak dan masa depan ekonomi Bumiputera yang semakin terhimpit antara kuasa korporat besar dan dasar pasaran yang berat sebelah. https://t.co/1X7NGPYp4t,1987102639319142852,https://pbs.twimg.com/media/G5ObT_NbIAA52m-.jpg,,in,35,,1,5,54,https://x.com/undefined/status/1987102639319142852,627377124,,14782
1,1987844501487157285,Mon Nov 10 11:27:16 +0000 2025,,13,mw joki tugas akuntansi ekonomi plis joki yg bener emg jurusan nya ga! soal ujian ini lgsg drop fee (klo bisa yg bersahabat) #zonauang #jokitugas #akuntansi https://t.co/sf30dtKuPd,1987844501487157285,https://pbs.twimg.com/media/G5Y-CFMaYAAUgC_.jpg,,in,13,,1,56,1,https://x.com/undefined/status/1987844501487157285,1629691002155077632,,1675
0,1987792389029933287,Mon Nov 10 08:00:11 +0000 2025,,45,Soeharto adalah Putra Terbaik Bangsa yang mempunyai jasa besar dalam sejarah perjuangan pembangunan serta pemulihan ekonomi bangsa Indonesia sehingga layak mendapatkan penghargaan tertinggi dari negara. https://t.co/NtMghJhU5J,1987792389029933287,https://pbs.twimg.com/media/G5YOpIzaMAAtnnT.jpg,,in,45,,0,52,50,https://x.com/undefined/status/1987792389029933287,89384282,,713
242,1984540738529738910,Sat Nov 01 08:39:17 +0000 2025,,415,Dalam suatu Siklus ekonomi Ada Perubahan Sektor. Kita sudah dimana yah kira kira ? https://t.co/RTc0t296Rz,1984540738529738910,https://pbs.twimg.com/media/G4qBSIKasAAOFJm.jpg,,in,415,,3,6,68,https://x.com/undefined/status/1984540738529738910,1034308064,,17902
7,1987735159123124263,Mon Nov 10 04:12:46 +0000 2025,,99,M'siakini melaporkan bahawa rombakan kabinet bakal dilakukan tidak lama lagi setelah Presiden UPKO Ewon Benedick meletak jawatan Dakwa ada spekulasi untuk menaikkan MB S'gor Amirudin menggantikan Zafrul manakala jawatan MB digantikan oleh ADUN Seri Setia Fahmi Ngah https://t.co/PAqgjq1tvz,1987735159123124263,https://pbs.twimg.com/media/G5XamARXEAA1kV-.jpg,,in,99,,13,5,42,https://x.com/undefined/status/1987735159123124263,1213807317419880450,,84516
0,1987832677148565506,Mon Nov 10 10:40:17 +0000 2025,,12,Siapa yang menunggu kabar terbaru dari Pak Menkeu? ‚ÄçÔ∏è Ini dia #KemenkeuSepekan edisi 2-9 November 2025. IdeaFest 2025 Konferensi pers KSSK triwulan IV tahun 2025 Wisuda @pknstanid Kabar pertumbuhan ekonomi terkini Selengkapnya https://t.co/RHzc4o5lT3,1987832677148565506,https://pbs.twimg.com/amplify_video_thumb/1987832536991776768/img/U02KRwRvUuCcQ-GR.jpg,,in,12,,3,1,7,https://x.com/undefined/status/1987832677148565506,600673907,,996
18,1987890466403266709,Mon Nov 10 14:29:55 +0000 2025,,174,Redenominasi: Strategi politik-ekonomi untuk membersihkan peredaran¬†uang gelap di¬†Indonesia memaksa para Koruptor Oknum Pejabat/aparat dan pengusaha nakal yang suka Nimbung uang di ruangan Rahasia keluar dari persembunyianya. https://t.co/giXCbxXnnI,1987890466403266709,https://pbs.twimg.com/ext_tw_video_thumb/1987890373088391168/pu/img/0TeoHe8TNpXwDHVk.jpg,,in,174,,4,14,64,https://x.com/undefined/status/1987890466403266709,1251824880967774208,,5874
5,1987907133266862545,Mon Nov 10 15:36:08 +0000 2025,,4,Hola Pad! Yang butuh tutor akuntansi dan ekonomi bisa pantengin IG nya bakal ada trial class juga cleverzone academy bisa diliat tutor reveal nya jugaaaa!!!! https://t.co/w7NybK8CTk,1987907133266862545,https://pbs.twimg.com/media/G5Z3ALAXUAA8x9y.jpg,,in,4,,0,1,2,https://x.com/undefined/status/1987907133266862545,1734036638605733888,,2580
0,1988068474581893231,Tue Nov 11 02:17:15 +0000 2025,,32,Borneo terus maju rakyat terus sejahtera! Belanjawan 2026 membawa sinar baharu buat Sabah &amp; Sarawak dengan peruntukan pembangunan tertinggi! RM6.9 bilion untuk Sabah RM6 bilion untuk Sarawak Elektrik stabil jalan dinaik taraf ekonomi digital diperluas! https://t.co/rPHGcHJFwK,1988068474581893231,https://pbs.twimg.com/media/G5cJvJIbgAACR9S.jpg,,in,32,,3,1,29,https://x.com/undefined/status/1988068474581893231,114914506,,294
1,1986805170064572734,Fri Nov 07 14:37:20 +0000 2025,,19,Pikiran Sederhana. Kehidupan modern menghadirkan beragam tantangan: tuntutan pendidikan yang semakin tinggi ekonomi yang kian kompetitif kemajuan teknologi yang kian pesat serta hubungan sosial yang makin kompleks. Dihadapkan pada arus deras perubahan seperti itu sering kali,1986805170064572734,,,in,19,,1,1,4,https://x.com/undefined/status/1986805170064572734,109599242,,17861
1,1986769441313730572,Fri Nov 07 12:15:21 +0000 2025,,28,ùêíùê¢ùêùùêöùêßùê† ùêåùêûùêùùê¢ùêö ùêèùêûùêßùêÆùê≠ùêÆùê© ùêãùêöùê∞ùêöùê≠ùêöùêß ùêäùêûùê´ùê£ùêö ùê§ùêû ùêíùê°ùêöùêßùê†ùê°ùêöùê¢ Alhamdulillah lawatan saya ke Shanghai hari ini diakhiri dengan sidang media penutup dengan menzahirkan kejayaan Malaysia dalam memperkukuh diplomasi ekonomi dan kerjasama dua hala dengan https://t.co/RUMPQCixiz,1986769441313730572,https://pbs.twimg.com/media/G5JsRIpbwAI0s59.jpg,,in,28,,1,9,11,https://x.com/undefined/status/1986769441313730572,115603899,,768
1,1987421560937062766,Sun Nov 09 07:26:39 +0000 2025,,29,Adalah keliru bila ada persepsi seolah golongan Tionghoa hanya berperan dalam bidang ekonomi saja. Sejarah mencatat peran-peran penting kaum Tionghoa dalam pergerakan mewujudkan dan menjaga Indonesia. Simak selengkapnya di artikel ini. https://t.co/OvdXBUBmbk,1987421560937062766,,,in,29,,0,0,9,https://x.com/undefined/status/1987421560937062766,702035452191051777,,1181
0,1987412398689689955,Sun Nov 09 06:50:14 +0000 2025,,130,berbagai kebijakan pembangunan di masa soeharto berfokus pada stabilitas ekonomi dan peningkatan kesejahteraan masyarakat. #SoehartoBapakPembangunan Gelar Pahlawan Untuk Soeharto https://t.co/Y25HyYS1CI,1987412398689689955,https://pbs.twimg.com/media/G5S1Cr6bYAAgWeb.jpg,,in,130,,1,130,122,https://x.com/undefined/status/1987412398689689955,1088433792560197632,,4844
2,1987048239468847416,Sat Nov 08 06:43:12 +0000 2025,,8,Wisatawan Asing Naik Whoosh Meningkat 65 3% Halo Sobat #Whoosh! Semakin banyak wisatawan mancanegara memilih Whoosh sebagai cara baru menjelajahi Indonesia sekaligus mendorong pertumbuhan pariwisata nasional dan ekonomi kreatif tanah air. #Whoosh #KeretaCepat #NgeWhooshAja https://t.co/IVB4D9j78A,1987048239468847416,https://pbs.twimg.com/media/G5Npy_7acAARhBt.jpg,,in,8,,0,2,5,https://x.com/undefined/status/1987048239468847416,128836116,,1696
0,1987078569680642207,Sat Nov 08 08:43:43 +0000 2025,,26,GLC Negeri Terengganu merupakan nadi kepada pembangunan ekonomi negeri dalam pelbagai sektor seperti sektor perladangan perkhidmatan industri berat kesihatan dan sebagainya. Setiap entiti memainkan peranan penting dalam menjana nilai kepada negeri dan rakyat. Justeru https://t.co/adnsEyyxSK,1987078569680642207,https://pbs.twimg.com/amplify_video_thumb/1987077561592287232/img/kTxQFx2S3pddZhhi.jpg,,in,26,,0,2,5,https://x.com/undefined/status/1987078569680642207,998406507644440576,,440
0,1988095844332302349,Tue Nov 11 04:06:00 +0000 2025,,11,Perdana Menteri Datuk Seri Anwar Ibrahim berkata ringgit kini muncul sebagai mata wang paling berprestasi di Asia disokong oleh asas ekonomi yang stabil. #AWANInews #SisiTvParlimen #DewanRakyat https://t.co/mqomewMwcy,1988095844332302349,https://pbs.twimg.com/amplify_video_thumb/1988093538526240768/img/TM3bUfkqGSHUC0CN.jpg,,in,11,,0,0,0,https://x.com/undefined/status/1988095844332302349,497665754,,1331
26,1985319813212774516,Mon Nov 03 12:15:03 +0000 2025,,258,Tokoh sejarah Prof Emeritus Ahmat Adam telah meninggal dunia pada usia 84 tahun Beliau yang berkelulusan dari School of Oriental &amp; African Studies telah menerbitkan pelbagai buku ilmiah seperti Hikayat Raja Pasai Hikayat Hang Tuha dan The Sejarah Melayu Revisited yang menjadi https://t.co/Cqr210LVuK,1985319813212774516,https://pbs.twimg.com/media/G41F2WiW0AA7dL2.jpg,,in,258,,10,2,197,https://x.com/undefined/status/1985319813212774516,1213807317419880450,,14265
0,1987653976230367277,Sun Nov 09 22:50:11 +0000 2025,,127,pbnu dukung soeharto jadi pahlawan nasional dan TokohKeteladanan karena beliau berjasa besar dalam stabilisasi nasional juga pembangunan ekonomi https://t.co/ODPtlJu1p8 https://t.co/6b9mnXDcim,1987653976230367277,https://pbs.twimg.com/media/G5WPhGGbgAAb6Qw.jpg,,in,127,,0,139,115,https://x.com/undefined/status/1987653976230367277,1503242719119896576,,2249
0,1986362782267417001,Thu Nov 06 09:19:26 +0000 2025,,13,Bajet 2026 bukan sekadar ujian ekonomi tapi ujian kebersamaan dalam madrasah baru politik Malaysia. Di sinilah nilai Madani diuji sejauh mana kita mampu bersatu dalam kepelbagaian demi masa depan negara yang stabil. Tonton sekarang di YouTube &amp; Facebook Borak Daily. https://t.co/x9Wdf5zL9F,1986362782267417001,https://pbs.twimg.com/amplify_video_thumb/1986362672804499456/img/vDYumQDRc0KI10YB.jpg,,in,13,,0,3,9,https://x.com/undefined/status/1986362782267417001,1833340149369081857,,57
2,1987681147497918805,Mon Nov 10 00:38:09 +0000 2025,,35,Bapak Pembangunan Smiling General Suka atau tidak dia pernah memimpin di negeri ini dan Indonesia menjadi negara macan asia Suka atau tidak stabilitas tercapai saat itu baik bidang politik ekonomi dan sosial budaya Suka atau tidak Pancasila menjadi satu2nya ideologi di negara https://t.co/orq61RIxai,1987681147497918805,https://pbs.twimg.com/ext_tw_video_thumb/1987681110646796288/pu/img/3HOWtjqbQu7L7O1-.jpg,,in,35,,3,8,16,https://x.com/undefined/status/1987681147497918805,1152447574411902977,,1216
0,1984400693206401428,Fri Oct 31 23:22:48 +0000 2025,,59,Meski laba turun tipis performa BRI tetap solid! Pendapatan bunga naik aset tumbuh dan dana murah makin besar. BRI tetap jadi pilar utama ekonomi rakyat #BRI #EkonomiKerakyatan #BankRakyatIndonesia #qrisbri https://t.co/O4hsRL2JLg,1984400693206401428,,,in,59,,0,17,10,https://x.com/undefined/status/1984400693206401428,191316533,,7666
3,1987682982459756854,Mon Nov 10 00:45:27 +0000 2025,,52,Kabar Baik tentang Indonesia yang beredar di Sosial Media per tanggal 10 November 2025 1. Kepuasan dan Kepercayaan Publik yang Tinggi terhadap pemerintahan mencapai 81 5% sementara kepuasan kinerja mencapai 78 1%. 2. Pertumbuhan ekonomi stabil di 5 12% pada kuartal II 2025 https://t.co/svMLqaf1xm,1987682982459756854,https://pbs.twimg.com/ext_tw_video_thumb/1987682888020881408/pu/img/usg5s3CjJOs8Qe5U.jpg,,in,52,,1,7,16,https://x.com/undefined/status/1987682982459756854,1251824880967774208,,4071
6,1987401251571818883,Sun Nov 09 06:05:57 +0000 2025,,101,Maluku Utara mencatat pertumbuhan ekonomi hingga 39 1% didorong oleh ekspansi industri pengolahan nikel dan hilirisasi mineral. Provinsi-provinsi di Sulawesi mendominasi daftar dengan lima wilayah masuk 10 besar menandakan pergeseran pusat pertumbuhan ekonomi nasional ke https://t.co/zNMbHOwS7X,1987401251571818883,https://pbs.twimg.com/media/G5Sq5jyaQAApVl9.jpg,,in,101,,8,9,33,https://x.com/undefined/status/1987401251571818883,39677695,,11615
290,1984932370097832313,Sun Nov 02 10:35:29 +0000 2025,,480,DOCTRINA || üá∏üá©üá∏üá© (BM) Kenapa UAE Sokong RSF di Sudan Kes UAE-RSF bukan sekadar soal duit untuk senjata ia gabungan ideologi strategi maritim ekonomi dan taktik pengaruh luar Untuk lebih faham kita perlu lihat tindakan Abu Dhabi dalam konteks visinya sejak 2010 https://t.co/zQjufEn8SK,1984932370097832313,https://pbs.twimg.com/media/G4vld9BbUAEgKb4.jpg,,in,480,,3,1,313,https://x.com/undefined/status/1984932370097832313,1652990033656442880,,89795
0,1986993124464599447,Sat Nov 08 03:04:12 +0000 2025,,15,LAWATAN DIRAJA KE BAHRAIN PERKUKUH KERJASAMA DAGANG MALAYSIA DI RANTAU TELUK Lawatan negara Seri Paduka Baginda Yang di-Pertuan Agong Sultan Ibrahim ke Bahrain memperkukuh hubungan ekonomi dan perdagangan Malaysia di rantau Teluk. https://t.co/zxqeA4LNDO,1986993124464599447,https://pbs.twimg.com/media/G5M3tzwbYAAABMz.jpg,,in,15,,0,4,13,https://x.com/undefined/status/1986993124464599447,1801064970337345536,,101
0,1987385914599903632,Sun Nov 09 05:05:00 +0000 2025,,73,pahlawan sejati tak selalu mengenakan jubah atau memegang senjata. ada yang berjuang lewat pembangunan memajukan ekonomi &amp; mensejahterakan rakyat. di masa itu soeharto menjadi simbol kerja keras menuju Indonesia mandiri &amp; stabil #PahlawanAtasNamaBangsa https://t.co/rD0zaA5LMy https://t.co/Bfo3fo7FlY,1987385914599903632,https://pbs.twimg.com/media/G5SbwjxagAAUzdO.jpg,,in,73,,0,83,69,https://x.com/undefined/status/1987385914599903632,1303271928614891520,,1410
0,1986638744678711652,Fri Nov 07 03:36:01 +0000 2025,,59,RMK13 | Pencapaian Makroekonomi Kukuh Malaysia Terus Maju! Pencapaian ekonomi negara membuktikan ketelusan dan kecekapan pentadbiran fiskal. üá≤üáæ Pertumbuhan ekonomi dianggarkan 5.0% setahun (2021 2025) Kadar inflasi negara terkawal pada 1.1% (Jun 2025) https://t.co/gvrGjk0txR,1986638744678711652,https://pbs.twimg.com/media/G5H1Z9IbIAQygyj.jpg,,in,59,,3,1,54,https://x.com/undefined/status/1986638744678711652,114914506,,535
0,1986343070930268382,Thu Nov 06 08:01:07 +0000 2025,,4,#Pahang Ayam Saga yang diternak di plot projek penyelidikan ayam saga Projek Inisiatif Ekonomi Madani (IEM) Institut Penyelidikan Dan Kemajuan Pertanian Malaysia (MARDI) Muadzam Shah Rompin hari ini. Ayam Saga merupakan baka ayam kampung baharu hasil penyelidikan jangka panjang https://t.co/cTltFovXJJ,1986343070930268382,https://pbs.twimg.com/media/G5DobYnasAE2gWI.jpg,,in,4,,1,1,3,https://x.com/undefined/status/1986343070930268382,106669711,,2026
1,1985293814391599280,Mon Nov 03 10:31:44 +0000 2025,,29,PLOT: 1998: The Toll Keeper Story https://t.co/T8yFnNchRl Janapa tahun 1998 ketika negara mengalami krisis ekonomi luar biasa dan kerusuhan besar terjadi seorang wanita hamil bernama Dewi harus berjuang keras mencari uang demi memberikan kehidupan yang layak untuk buah hatinya,1985293814391599280,,,in,29,,2,2,8,https://x.com/undefined/status/1985293814391599280,855680702699847680,,2782
0,1987778287570186478,Mon Nov 10 07:04:09 +0000 2025,,5,Pernah dengar tentang PED? Jom tonton video ini untuk tahu kenapa ia penting untuk ekonomi ASEAN! Ever heard of PED? Watch this video to find out why it matters for ASEAN s economy! https://t.co/xrS867vXE1,1987778287570186478,https://pbs.twimg.com/amplify_video_thumb/1987778096263831552/img/mhohZiGW3MunJW-i.jpg,,in,5,,0,1,6,https://x.com/undefined/status/1987778287570186478,1840636188144865280,,239
7,1984229074554761674,Fri Oct 31 12:00:51 +0000 2025,,38,Hutang Negara - Kenapa Kena Kurangkan Defisit Fiskal Kepada 3%? Dia tak ada kajian dibelakangnya. 3% dianggap paras yang baik. Walaubagamanapun hutang di Malaysia hanya boleh digunakan untuk tujuan pembangunan https://t.co/98HP7QVSRg,1984229074554761674,https://pbs.twimg.com/ext_tw_video_thumb/1984228989406158848/pu/img/teNTTigRM3t7WSQb.jpg,,in,38,,0,1,11,https://x.com/undefined/status/1984229074554761674,1213807317419880450,,1574
9,1987741494778945924,Mon Nov 10 04:37:57 +0000 2025,,210,Kerajaan Persekutuan dengan kerjasama Kerajaan Negeri Sabah kekal fokus dan konsisten dalam usaha memajukan rakyat serta memperkukuh ekonomi Sabah khususnya dalam menangani isu infrastruktur asas seperti bekalan air elektrik dan jalan raya. Komitmen ini diterjemahkan melalui https://t.co/8wqOpnVy26,1987741494778945924,https://pbs.twimg.com/amplify_video_thumb/1987741357302308864/img/Xs-gPZlbZLGNsblp.jpg,,in,210,,5,16,64,https://x.com/undefined/status/1987741494778945924,1839871,,8939
0,1987792371694911795,Mon Nov 10 08:00:07 +0000 2025,,7,Putra Terbaik Bangsa dimana saat itu indonesia dijuluki macan asia berkat kekuatan diplomasi dan juga perumbuhan ekonomi yg pesat dan terarah https://t.co/VS6h2cUEVm,1987792371694911795,https://pbs.twimg.com/media/G5YOn6dbEAAiOVN.jpg,,in,7,,0,8,5,https://x.com/undefined/status/1987792371694911795,1435291689581641731,,852
0,1987805151722414483,Mon Nov 10 08:50:54 +0000 2025,,7,Terima kasih Tuan Pengerusi kerana memberikan laluan kepada Bachok untuk membahaskan peruntukan Kementerian Ekonomi (KE) kementerian terpenting dalam urusan dasar dan strategi pembangunan ekonomi negara. https://t.co/DmZkjNnEwG,1987805151722414483,https://pbs.twimg.com/amplify_video_thumb/1987804976484413440/img/VsmpNsQQJOgvXEc2.jpg,,in,7,,0,1,2,https://x.com/undefined/status/1987805151722414483,498661971,,179
0,1984524231418528125,Sat Nov 01 07:33:42 +0000 2025,,7,Perdana Menteri Datuk Seri Anwar Ibrahim memakai Hanbok-style shawl bersama pemimpin-pemimpin Kerjasama Ekonomi Asia-Pasifik (APEC) ketika sesi bergambar di hari terakhir Mesyuarat Pemimpin Ekonomi APEC (AELM). https://t.co/eXdoTmF6d1,1984524231418528125,https://pbs.twimg.com/media/G4pyE4kbQAUn9Xd.jpg,,in,7,,0,1,5,https://x.com/undefined/status/1984524231418528125,196460981,,860
9,1987488270444618133,Sun Nov 09 11:51:44 +0000 2025,,89,Menurut Hendri Subiakto Dosen Universitas Airlangga kondisi ekonomi Indonesia pada masa sebelum Soeharto yaitu di bawah Presiden Soekarno sempat mengalami keadaan yang mendekati depresi dengan inflasi mencapai 600% dan diterapkannya kebijakan sanering (pemotongan nilai uang https://t.co/57Zqu2nqr0,1987488270444618133,https://pbs.twimg.com/amplify_video_thumb/1987487853362974720/img/rEXnjSrmzv3RMO20.jpg,,in,89,,9,24,27,https://x.com/undefined/status/1987488270444618133,17128975,,20354
1,1986358192050516078,Thu Nov 06 09:01:12 +0000 2025,,17,Ekonomi Indonesia terus positif! üáÆüá© Pada triwulan III-2025 pertumbuhan ekonomi nasional mencapai 5 04% (year on year) lebih tinggi dibanding periode yang sama tahun lalu. https://t.co/MPIC5S1hfC,1986358192050516078,https://pbs.twimg.com/media/G5D2PmsbIAYgi9v.jpg,,in,17,,0,11,5,https://x.com/undefined/status/1986358192050516078,772689620576395264,,1197
5,1987334642060636377,Sun Nov 09 01:41:16 +0000 2025,,46,Suka gemes sama yg kaya gini Dkira berkutat di sektor real itu gampang?? Justru adanya industri blockchain yg global bsa ikut invest dan itu menambah perputaran ekonomi lbh baik dan Itu bisa bikin peluang pekerjaan jg Mnding sektor real itu org¬≤nya kompeten dan amanah https://t.co/wLBKJCpcPY,1987334642060636377,https://pbs.twimg.com/media/G5RuUoIasAA0R9J.jpg,,in,46,,0,14,1,https://x.com/undefined/status/1987334642060636377,1840669742262333440,,2757
0,1987777493676302806,Mon Nov 10 07:01:00 +0000 2025,,9,Tahun 2026 bukan sekadar angka. Itu adalah simbol kemandirian energi bangsa Indonesia berdiri tegak tanpa Impor Solar. Langkah besar ini didukung proyek upgrading kilang dan program B50 yang memperkuat ekonomi hijau serta membuka peluang ekspor biofuel ke dunia.,1987777493676302806,,,in,9,,0,6,9,https://x.com/undefined/status/1987777493676302806,462605043,,115
0,1986354618251813306,Thu Nov 06 08:47:00 +0000 2025,,10,Belanjawan 2026: Ekonomi Bumiputera Agenda ekonomi Bumiputera pada tahun 2026 akan mengutamakan pembiayaan pembangunan bakat dan pemilikan strategik supaya lebih ramai usahawan Bumiputera dapat melonjak ke sektor bernilai tambah tinggi. https://t.co/vrcx36BqKa,1986354618251813306,https://pbs.twimg.com/media/G5Dy_n6bIAILRG1.jpg,,in,10,,0,1,7,https://x.com/undefined/status/1986354618251813306,123757624,,521
2,1987830586648801642,Mon Nov 10 10:31:58 +0000 2025,,147,Mengakhiri lawatan ke Tawau saya merasmikan Jelajah Malaysia Digital platform dibawah tanggungjawab Perbadanan Ekonomi Digital Malaysia (MDEC) dalam memperkukuh proses penerapan teknologi AI yang semakin penting bagi membentuk masa depan ekonomi daya saing dan kesejahteraan https://t.co/PZ608bua02,1987830586648801642,https://pbs.twimg.com/media/G5YxYDNbQAAOEDa.jpg,,in,147,,2,5,44,https://x.com/undefined/status/1987830586648801642,1839871,,6346
0,1987708304647504097,Mon Nov 10 02:26:04 +0000 2025,,12,Bupati Klaten @hamenang menegaskan kebangkitan ekonomi masyarakat Klaten tak lepas dari peran besar desa wisata yang dikelola Badan Usaha Milik Desa (BUMDes). peghargaan ini diharapkan menjadi pelecut semangat. Selamat masbup https://t.co/KFcWvGC700,1987708304647504097,https://pbs.twimg.com/ext_tw_video_thumb/1987643130641022976/pu/img/9bP4SZCo8ty-fCrw.jpg,,in,12,,0,7,11,https://x.com/undefined/status/1987708304647504097,1218044256180301824,,217
0,1986976633144943060,Sat Nov 08 01:58:40 +0000 2025,,21,Pertumbuhan ekonomi triwulan III-2025 sebesar 5 04% (y-on-y) dihitung dari PDB harga konstan trw III 2025 dibanding trw III-2024. Pertumbuhan kumulatif 9 bulan sebesar 5 01% (c-to-c). Termasuk normal atau setara laju selama ini kecuali saat pandemi. Belum ada indikasi otw 8%. https://t.co/75nPMyUQDu,1986976633144943060,https://pbs.twimg.com/media/G5MotrHbMAAeBpC.jpg,,in,21,,0,2,7,https://x.com/undefined/status/1986976633144943060,718375892,,708
0,1987518067187007984,Sun Nov 09 13:53:35 +0000 2025,,22,Analisis lintas platform menunjukkan perbedaan yang mencolok dalam karakter wacana. Media online (64% positif) menonjolkan kontribusi ekonomi dan stabilitas nasional sementara Facebook (80% positif) dan TikTok (77% positif) didominasi narasi emosional yang menyanjung ketokohan https://t.co/EUA99rgvhw,1987518936943099944,https://pbs.twimg.com/media/G5UVtjeaUAAc6wR.jpg,ismailfahmi,in,22,,2,1,6,https://x.com/undefined/status/1987518936943099944,34075325,,5659
474,1984135792642371960,Fri Oct 31 05:50:11 +0000 2025,,14236,gaji pertamaku setelah hampir 2 tahun nganggur. akhirnya bisa bantu keuangan keluarga https://t.co/EMNArS7A7b,1984135792642371960,https://pbs.twimg.com/media/G4kQ_Q3XIAAuyey.jpg,,in,14236,,137,1030,430,https://x.com/undefined/status/1984135792642371960,1371650588,,341843
1,1986304286532227576,Thu Nov 06 05:27:00 +0000 2025,,16,Purbaya Minta Maaf ke Kepala Daerah KDM: Nggak Perlu Ada yang Dimaafin Bayar Saja Dana Rp 190 M Gubernur Jawa Barat Dedi Mulyadi merespons permohonan maaf dari Menteri Keuangan Purbaya Yudhi Sadewa soal pemangkasan anggaran. Merespons hal itu KDM mengaku tak perlu ada https://t.co/vHFgl8cd6x,1986304286532227576,https://pbs.twimg.com/amplify_video_thumb/1986293390229839875/img/jR5qEercEND9snqX.jpg,,in,16,,0,2,2,https://x.com/undefined/status/1986304286532227576,124171593,,6001
5,1984020793945416027,Thu Oct 30 22:13:13 +0000 2025,,161,KENAPA BUMN TERLILIT HUTANG PLN merupakan BUMN yang memiliki hutang terbesar hingga 734 Triliun Rupiah pada bulan Juni 2025 lalu. 300 Trilyun di antaranya hutang PLN dari luar negeri. Di negara kita berdasar ketentuan UU Keuangan untuk hutang BUMN tidak perlu lewat persetujuan https://t.co/Res4lDK8Z5,1984020793945416027,https://pbs.twimg.com/media/G4ioZJaa8AQdTfs.jpg,,in,161,,5,32,71,https://x.com/undefined/status/1984020793945416027,201554665,,6821
0,1988135648520179978,Tue Nov 11 06:44:11 +0000 2025,,5,Bangun generasi muda yang cerdas finansial dan siap menghadapi tantangan global! UNAIR berkesempatan menghadirkan Menteri Keuangan RI Purbaya Yudhi Sadewa dalam Studium Generale Dies Natalis ke-71. Dari kebijakan nasional hingga peran UMKM semua dibahas dalam suasana https://t.co/dNe5bAdxyd,1988135648520179978,https://pbs.twimg.com/media/G5dG1JqbgAAdUaF.jpg,,in,5,,0,0,0,https://x.com/undefined/status/1988135648520179978,1110709339,,122
0,1986276505186672650,Thu Nov 06 03:36:36 +0000 2025,,9,PEMBUATAN LAPORAN KEUANGAN 2 TAHUN + LAPOR SPT TAHUNAN BADAN USAHA 2 TAHUN https://t.co/pdHIXaq0ZG,1986276505186672650,https://pbs.twimg.com/media/G5Cr8_0acAAgmHT.jpg,,in,9,,2,0,6,https://x.com/undefined/status/1986276505186672650,826900245531357184,,1627
45,1987355304582127683,Sun Nov 09 03:03:22 +0000 2025,,302,Menteri Keuangan Purbaya Yudhi Sadewa tengah menyusun kajian potensi barang kena cukai baru mulai dari diapers atau popok alat makan dan minum sekali pakai hingga tisu basah. Kajian ini tercantum dalam PMK Nomor 70 Tahun 2025 tentang Rencana Strategis Kementerian Keuangan https://t.co/OMSce9HbaV,1987355304582127683,https://pbs.twimg.com/media/G5SBHJ-bQAALIUl.jpg,,in,302,,223,114,95,https://x.com/undefined/status/1987355304582127683,759692754985242625,,196694
2,1984798904395743640,Sun Nov 02 01:45:09 +0000 2025,,99,Menteri Keuangan Purbaya Yudhi Sadewa kembali menarik perhatian para pengguna media sosial. Bukan gaya koboi yang disorot kini Purbaya viral karena tertangkap kamera sedang mengaji melantunkan ayat suci Al-Quran. #menkeupurbaya #mengaji #internike #lip6an https://t.co/1kcWnQQpUy,1984798904395743640,https://pbs.twimg.com/ext_tw_video_thumb/1984798763483815936/pu/img/6sXPJMemuz3JFhxZ.jpg,,in,99,,3,8,23,https://x.com/undefined/status/1984798904395743640,47596019,,7877
0,1988137045672468845,Tue Nov 11 06:49:44 +0000 2025,,3,Sobat pernah nggak sih merasa usahamu punya potensi besar tapi susah dapat pinjaman dari bank karena dianggap belum cukup bankable ? Nah di sinilah Lembaga Penjaminan berperan menjadi jembatan antara Sobat dan lembaga keuangan agar akses pembiayaan jadi lebih mudah. (1/2) https://t.co/eEHwxPvRtd,1988137045672468845,https://pbs.twimg.com/media/G5dIGXybcAMHxx7.jpg,,in,3,,0,1,0,https://x.com/undefined/status/1988137045672468845,2179218738,,31
142,1984261413343268929,Fri Oct 31 14:09:21 +0000 2025,,287,Kog bisa sebuah perusahaan Laba (Net Income) nya tinggi tapi saldo Kas di bank-nya tipis!? Gimana sih cara bangun Financial Model kog Neraca nya nggak balance terus! Laporan Laba Rugi Posisi Keuangan (Neraca) dan Arus Kas bukanlah tiga laporan berdiri sendiri-sendiri! https://t.co/z7kUrrgBSM,1984261413343268929,https://pbs.twimg.com/media/G4mC0xsXUAExqSf.jpg,,in,287,,3,1,54,https://x.com/undefined/status/1984261413343268929,134421856,,17267
0,1988140665109418177,Tue Nov 11 07:04:07 +0000 2025,,2,Kementerian Keuangan RI bersama Komisaris Pertamina meninjau langsung kesiapan akhir proyek RDMP Balikpapan. Kunjungan ini menandai langkah penting menuju start-up kilang terbesar di Indonesia yang akan memperkuat kemandirian energi nasional.,1988140665109418177,,,in,2,,0,1,1,https://x.com/undefined/status/1988140665109418177,1746036290871861248,,9
29,1986009497589211262,Wed Nov 05 09:55:37 +0000 2025,,1733,Presiden Prabowo jng asal omong masalah Whoosh dia yg tjwb hrs pikirkan dampak hukum dan dampak keuangan nya https://t.co/dYspYut6lH,1986009497589211262,https://pbs.twimg.com/media/G4-5Gs7bYAAGhG9.jpg,,in,1733,,45,352,682,https://x.com/undefined/status/1986009497589211262,131814756,,40929
15,1986648418266255559,Fri Nov 07 04:14:27 +0000 2025,,165,Direktorat Jenderal Pajak (DJP) Kementerian Keuangan menemukan ratusan eksportir sawit diduga melakukan kecurangan pajak dengan memanipulasi data ekspor. Barang bernilai tinggi dilaporkan seolah-olah sebagai Palm Oil Mill Effluent (POME) atau fatty matter agar terkena pajak lebih https://t.co/4z74HatY1S,1986648418266255559,https://pbs.twimg.com/media/G5H-KsXbIAMbXsV.jpg,,in,165,,11,21,92,https://x.com/undefined/status/1986648418266255559,759692754985242625,,19828
889,1987128616816455784,Sat Nov 08 12:02:35 +0000 2025,,2629,Ada 3 pelajaran tentang keuangan di umur 30an. Ô∏è jangan ambil KPR Ô∏è gausah kredit mobil Sekali masuk lingkar setan 2 utang itu beresinnya hampir setengah umur idup. Ada yang mau nambahin?,1987128616816455784,,,in,2629,,71,90,739,https://x.com/undefined/status/1987128616816455784,1590845630037229569,,221380
1,1985216905750499553,Mon Nov 03 05:26:08 +0000 2025,,4,Governansi Insight Forum Bersama OJK Membangun Sektor Jasa Keuangan Berintegritas Sobat OJK Dalam semangat membangun sektor jasa keuangan yang sehat transparan dan berintegritas OJK mengundang seluruh pemangku kepentingan untuk hadir pada Governansi Insight Forum bersama https://t.co/qgrya0rw7s,1985216905750499553,https://pbs.twimg.com/media/G4zoP6maoAA679T.jpg,,in,4,,0,0,1,https://x.com/undefined/status/1985216905750499553,1869673304,,550
1,1984562144982286683,Sat Nov 01 10:04:21 +0000 2025,,46,Baru sebulan jadi Menteri Keuangan (Menkeu) Purbaya tampak ikonik di mana ia terus disorot usai getol memperbaiki sistem keuangan. https://t.co/ZjNVKqDTbx,1984562144982286683,https://pbs.twimg.com/media/G4qUvw-bkAAg7NT.jpg,,in,46,,0,2,2,https://x.com/undefined/status/1984562144982286683,1673276769355575296,,2609
12,1986252196883939609,Thu Nov 06 02:00:01 +0000 2025,,245,Menteri Keuangan Purbaya Yudhi Sadewa akan melakukan penyelidikan terkait penyaluran KUR setelah mendapatkan laporan peminjaman di bawah Rp100 juta tetap diminta agunan oleh bank. Penyaluran KUR yang dipersulit dianggap tidak bertanggung jawab dan merugikan negara. Purbaya https://t.co/SIBwKa0mxH,1986252196883939609,https://pbs.twimg.com/media/G5BdrSKbIAEjtR8.jpg,,in,245,,7,49,85,https://x.com/undefined/status/1986252196883939609,55507370,,14154
0,1986063147061686393,Wed Nov 05 13:28:48 +0000 2025,,4,OJK Perkuat Literasi dan Inklusi Keuangan Syariah Generasi Muda Melalui ISFO 2025 OJK terus mendorong generasi muda menjadi penggerak ekonomi syariah melalui ajang Indonesia Sharia Financial Olympiad (ISFO) 2025. Dengan semangat inovasi dan integritas tinggi para talenta muda https://t.co/CECn7knjnu,1986063147061686393,https://pbs.twimg.com/amplify_video_thumb/1986063028924878848/img/CCQLMh8Mqpc4FWp-.jpg,,in,4,,1,1,0,https://x.com/undefined/status/1986063147061686393,1869673304,,463
0,1984791227192263010,Sun Nov 02 01:14:38 +0000 2025,,3,Pertemuan Tahunan Perbankan Syariah 2025 Sobat OJK Pertemuan Tahunan Perbankan Syariah 2025 kembali digelar sebagai forum strategis penguatan industri keuangan syariah di Indonesia. Dengan tema Aktualisasi Penguatan Perbankan Syariah dalam Mendukung Ekosistem Halal https://t.co/ARzUDLWXUH,1984791227192263010,https://pbs.twimg.com/media/G4tlGRbbQAEEe3f.jpg,,in,3,,0,1,1,https://x.com/undefined/status/1984791227192263010,1869673304,,705
0,1988054014173573493,Tue Nov 11 01:19:47 +0000 2025,,2,Reformasi Polri Memulai Langkah Besar Yang Terkunci Agar Memperkuat Akuntabilitas Serta Pemulihkan Kepercayaan Publik https://t.co/Y0t93HDqRx lewat @Keuangan News https://t.co/nV1pkn5lWD,1988054014173573493,https://pbs.twimg.com/media/G5b8lzDbcAEAD60.jpg,,in,2,,0,0,2,https://x.com/undefined/status/1988054014173573493,1226436091617505281,,197
26,1987380922417836475,Sun Nov 09 04:45:10 +0000 2025,,553,Paspor Malaysia kini berada di peringkat ketiga dunia naik tujuh posisi dari tahun sebelumnya berdasarkan Passport Index 2025 yang diterbitkan oleh firma keuangan global Arton Capital. Peringkat baru ini menempatkan Malaysia sejajar dengan 15 negara lain seperti Belgia https://t.co/u9MUlvrjR4,1987380922417836475,https://pbs.twimg.com/media/G5SYQfXbIAAECm1.jpg,,in,553,,47,59,129,https://x.com/undefined/status/1987380922417836475,23343960,,57987
0,1987772294593475013,Mon Nov 10 06:40:20 +0000 2025,,6,Menkeu Purbaya Optimis Penerimaan Pajak 2025 Capai Target Meski Ekonomi Melemah https://t.co/WQMqMwyYQ7 lewat @Keuangan News https://t.co/CJGp5JWqqr,1987772294593475013,https://pbs.twimg.com/media/G5X8Xf3aMAAXgyh.jpg,,in,6,,0,1,3,https://x.com/undefined/status/1987772294593475013,1226436091617505281,,451
0,1987839771448926598,Mon Nov 10 11:08:28 +0000 2025,,2,Pemerintah Akan Mewajibkan Kandungan Etanol 10 Persen (E10) Aman Untuk Kendaraan di Atas Tahun 2000 https://t.co/8Gb5QKPaIS lewat @Keuangan News https://t.co/rzwG2wSXMp,1987839771448926598,https://pbs.twimg.com/media/G5Y5vNzbwAAIREA.jpg,,in,2,,0,2,1,https://x.com/undefined/status/1987839771448926598,1226436091617505281,,296
0,1988053628352164297,Tue Nov 11 01:18:15 +0000 2025,,3,Indonesia dan Singapura Perkuat Kolaborasi di Bidang Fintech dan Aset Keuangan Digital https://t.co/Ogw2ZUaf2C lewat @Keuangan News https://t.co/cJa2awXwbk,1988053628352164297,https://pbs.twimg.com/media/G5b8PVwbcAEnItm.jpg,,in,3,,0,0,0,https://x.com/undefined/status/1988053628352164297,1226436091617505281,,162
0,1988029756856824246,Mon Nov 10 23:43:24 +0000 2025,,1,Bertaubat Hukumnya Wajib Dari Segala Macam Dosa Tiga Syarat Untuk Bertaubat https://t.co/BR6mEpsDaI lewat @Keuangan News https://t.co/NIMLLJ7Os4,1988029756856824246,https://pbs.twimg.com/media/G5bmh2bbcAQLkb_.jpg,,in,1,,0,1,0,https://x.com/undefined/status/1988029756856824246,1226436091617505281,,246
21,1986691827177824728,Fri Nov 07 07:06:57 +0000 2025,,157,ChatGPT udah ngga bisa kasih saran hukum kesehatan dan keuangan https://t.co/sShprY2Scs,1986691827177824728,https://pbs.twimg.com/media/G5IlV7mawAAGBkD.jpg,,in,157,,7,12,23,https://x.com/undefined/status/1986691827177824728,1329295844869214208,,23285
0,1988053555656397082,Tue Nov 11 01:17:58 +0000 2025,,5,Pengamat Muslim Arbi Sebut KPK Harus Segera Tetapkan Proyek Whoosh https://t.co/90lEgVNQQN lewat @Keuangan News https://t.co/bWZMe65qfK,1988053555656397082,https://pbs.twimg.com/media/G5b8LHEbUAATgw9.jpg,,in,5,,1,0,5,https://x.com/undefined/status/1988053555656397082,1226436091617505281,,285
0,1988142455909478654,Tue Nov 11 07:11:14 +0000 2025,,0,AI Bigbox Bantu Fintech Verifikasi Identitas Pelanggan dengan eKYC yang Andal https://t.co/eZuIwh20G4 lewat @Keuangan News https://t.co/nErZ7V9TBx,1988142455909478654,https://pbs.twimg.com/media/G5dNBxObcDMu8nK.jpg,,in,0,,0,0,0,https://x.com/undefined/status/1988142455909478654,1226436091617505281,,27
0,1988115793125798128,Tue Nov 11 05:25:17 +0000 2025,,7,Menteri Keuangan Purbaya Yudhi Sadewa tengah mengkaji penarikan cukai dari popok hingga tisu basah. Rencana itu tertuang dalam Peraturan Menteri Keuangan (PMK) Nomor 70 Tahun 2025 tentang Rencana Strategis Kementerian Keuangan Tahun 2025-2029. Alasan kajian dilakukan untuk https://t.co/hlsCxNvY31,1988115793125798128,https://pbs.twimg.com/media/G5c0xURawAAQdNo.jpg,,in,7,,0,3,3,https://x.com/undefined/status/1988115793125798128,55507370,,1696
0,1987887379223552266,Mon Nov 10 14:17:39 +0000 2025,,2,udh cocok blm jd mentri keuangan https://t.co/TOOKXQ9V8F,1987887379223552266,https://pbs.twimg.com/media/G5ZlB0KbMAANCZU.jpg,,in,2,,0,1,0,https://x.com/undefined/status/1987887379223552266,1827557548230373376,,88
1,1988123882646393137,Tue Nov 11 05:57:25 +0000 2025,,48,ùóóùóòùó†ùóú ùóñùó®ùóîùó° ùóúùó°ùó¶ùóßùóîùó° Kejari Kutim menetapkan J Kaur Keuangan Desa Bumi Etam Kutai Timur sebagai tersangka korupsi APBDes 2024 Dana publik yg seharusnya utk pembangunan desa malah dibakar di aplikasi pengganda uang Mau cepat kaya ujungnya malah cepat masuk bui https://t.co/uQtY7awH62,1988123882646393137,https://pbs.twimg.com/ext_tw_video_thumb/1988123855848906753/pu/img/9v_j0qLmslgHBfiM.jpg,,in,48,,0,27,37,https://x.com/undefined/status/1988123882646393137,1104398813844758528,,3558
0,1988033934383370432,Tue Nov 11 00:00:00 +0000 2025,,16,Menteri Keuangan (Menkeu) Purbaya Yudhi Sadewa menegaskan kebijakan redenominasi rupiah merupakan kewenangan Bank Indonesia (BI) bukan Kementerian Keuangan. Pelaksanaan redenominasi tidak akan dilakukan dalam waktu dekat setidaknya bukan tahun ini atau 2026. Redenom itu https://t.co/1NA6Bwaib0,1988033934383370432,https://pbs.twimg.com/media/G5bPZ8MbcAEyFBD.jpg,,in,16,,2,3,4,https://x.com/undefined/status/1988033934383370432,55507370,,2110
0,1988029883738636555,Mon Nov 10 23:43:54 +0000 2025,,0,Askrindo Tegaskan Komitmen dalam Mendukung Program KUR https://t.co/l8FW5YXA0i lewat @Keuangan News https://t.co/R5vJJB1F3O,1988029883738636555,https://pbs.twimg.com/media/G5bmpMoaIAAzSYK.jpg,,in,0,,0,1,0,https://x.com/undefined/status/1988029883738636555,1226436091617505281,,218
0,1987846009091997980,Mon Nov 10 11:33:15 +0000 2025,,2,Bawa Efek Positif Pembiayaan KUR BRI Terbukti Dorong Kenaikan Omzet UMKM hingga Double Digit https://t.co/OO64k6ccFU lewat @Keuangan News https://t.co/ptO0JJdnWc,1987846009091997980,https://pbs.twimg.com/media/G5Y_aQNagAA-a8N.jpg,,in,2,,0,1,1,https://x.com/undefined/status/1987846009091997980,1226436091617505281,,288
0,1987196093449535822,Sat Nov 08 16:30:43 +0000 2025,,19,calon mentri keuangan https://t.co/B55dFFqJcy,1987196093449535822,https://pbs.twimg.com/media/G5PwT9qaAAAwPgv.jpg,,in,19,,0,4,0,https://x.com/undefined/status/1987196093449535822,1406622890892558339,,870
0,1987534220030550391,Sun Nov 09 14:54:19 +0000 2025,,6,Masyarakat Adat Papua Mendesak Negara Kembalikan Hutan Adat Mereka: Ritual Sakral di Sorong Selatan Menjadi Bentuk Protes https://t.co/RHSOQFQmqY lewat @Keuangan News https://t.co/SEJ07K9t0a,1987534220030550391,https://pbs.twimg.com/media/G5Uj1v8awAAvRbp.jpg,,in,6,,0,1,4,https://x.com/undefined/status/1987534220030550391,1226436091617505281,,470
0,1986970972113838236,Sat Nov 08 04:45:29 +0000 2025,,2,@flip_id Prinsip keuangan favorit aku adalah hidup di bawah kemampuan kita. Sederhananya jangan menghabiskan semua uang yang kita hasilkan. Jaga agar pengeluaran rutin lebih rendah dari pendapatan Ini adalah fondasi untuk bisa menabung dan berinvestasi. https://t.co/tlndc0qxNs,1987018615019946120,https://pbs.twimg.com/media/G5NO5lxbIAAN5uO.jpg,flip_id,in,2,,0,0,0,https://x.com/undefined/status/1987018615019946120,1892035309229178880,,129
0,1987491332387156288,Sun Nov 09 12:03:54 +0000 2025,,3,PNM menerima penghargaan Inovasi Membangun Negeri 2025 dari TvOne atas terobosan Orange Bonds instrumen keuangan yang berfokus pada pemberdayaan perempuan Indonesia. https://t.co/Uz97W0wMEn,1987491332387156288,https://pbs.twimg.com/media/G5T8x5pacAAJbRF.jpg,,in,3,,0,1,0,https://x.com/undefined/status/1987491332387156288,154470908,,44
0,1987674415983915408,Mon Nov 10 00:11:24 +0000 2025,,3,Pekerja Migran Indonesia Cerdas Finansial Menuju Indonesia Emas Sobat OJK Dalam rangka memperingati Hari Pahlawan OJK berkolaborasi dengan Kementerian Pelindungan Pekerja Migran Indonesia/BP2MI dan Bank Indonesia akan menyelenggarakan edukasi keuangan sekaligus peluncuran https://t.co/8mEJIvfK9t,1987674415983915408,https://pbs.twimg.com/media/G5WjUlsbwAA4Qqn.jpg,,in,3,,0,2,3,https://x.com/undefined/status/1987674415983915408,1869673304,,531
0,1985307718937452869,Mon Nov 03 11:27:00 +0000 2025,,13,Dalam Sesi tanya jawab¬†Sarasehan 100 Ekonom di Menara Bank Mega Jakarta Selasa (28/10/2025) yang dihadiri¬†Menteri Keuangan RI Purbaya Yudhi Sadewa Rangga Cipta dari Mandiri Sekuritas bertanya tentang risiko pajak mengurangi disposable income yang bertentangan dengan counter,1985307718937452869,,,in,13,,1,1,11,https://x.com/undefined/status/1985307718937452869,883981485652402176,,245
0,1985557080389140603,Tue Nov 04 03:57:52 +0000 2025,,15,Sebagai bentuk komitmen terhadap transparansi Bank Sinarmas mengumumkan pembaruan Suku Bunga Dasar Kredit (SBDK) sesuai dengan Peraturan Otoritas Jasa Keuangan (POJK) No. 13 Tahun 2024. Pembaruan ini mulai berlaku efektif pada 1 November 2025. Yuk manfaatkan pembaruan Suku https://t.co/YowAJUlVaw,1985557080389140603,https://pbs.twimg.com/media/G44dpAla0AAXkTL.jpg,,in,15,,0,0,4,https://x.com/undefined/status/1985557080389140603,1850568085,,292
8,1984532033360797847,Sat Nov 01 08:04:42 +0000 2025,,38,Sebuah potongan video tentang Menteri Keuangan Purbaya Yudhi Sadewa belakangan ramai diperbincangkan publik. Dalam video yang diunggah oleh seseorang yang disebut-sebut sebagai ajudannya itu Purbaya tampak tenang duduk di kursi belakang mobil sambil membaca ayat-ayat Al-Qur an https://t.co/yaqk3gPLrQ,1984532033360797847,https://pbs.twimg.com/amplify_video_thumb/1984531335286046720/img/I4_Quj8KMXt7Kp4v.jpg,,in,38,,3,3,8,https://x.com/undefined/status/1984532033360797847,58880688,,6825
0,1988142397608566917,Tue Nov 11 07:11:00 +0000 2025,,0,Bank BJB Akan Batalkan Pengangkatan Mardigu dan Helmy Yahya sebagai Komisaris https://t.co/RnnKukuvR3 lewat @Keuangan News https://t.co/ft1g7wIBS3,1988142397608566917,https://pbs.twimg.com/media/G5dM-aKaYAA18gd.jpg,,in,0,,0,0,0,https://x.com/undefined/status/1988142397608566917,1226436091617505281,,28
0,1985291705210360177,Mon Nov 03 10:23:22 +0000 2025,,14,Assalamu'alaikum Sahabat Syariah! Gaji Cepat Hilang? Hati-Hati Jangan Sampai Anda Terjebak di Sini! Merasa baru gajian tapi uangnya sudah tak berbekas? Itu tandanya Anda mungkin terjebak dalam salah satu dari 5 jebakan keuangan diatas. Yuk kita perbaiki sama-sama demi https://t.co/gkvenL2Osr,1985291705210360177,https://pbs.twimg.com/media/G40sRr9bkAArQrY.jpg,,in,14,,0,5,7,https://x.com/undefined/status/1985291705210360177,141500996,,1028
34,1986537028935377063,Thu Nov 06 20:51:50 +0000 2025,,113,Teruntuk saya: - Tidak ada yang akan datang untuk membantu bahkan menyelamatkanmu. - Berhenti membeli hal-hal bodoh hanya untuk mengesankan orang yang bahkan sedang kesulitan keuangan. - Latih tubuhmu dengan berolahraga. - Bacalah buku. - Disiplin selalu mengalahkan,1986537028935377063,,,in,113,,0,4,17,https://x.com/undefined/status/1986537028935377063,187437530,,3330
0,1988111704493093044,Tue Nov 11 05:09:02 +0000 2025,,1,OJK Luncurkan Buku Saku Literasi Keuangan untuk Pekerja Migran Indonesia Sobat OJK OJK memperkuat literasi dan inklusi keuangan bagi Pekerja Migran Indonesia (PMI) melalui peluncuran Buku Saku Literasi Keuangan bagi PMI bertema PMI Cerdas Finansial Menuju Indonesia Maju https://t.co/9jjqBsaBGt,1988111704493093044,https://pbs.twimg.com/amplify_video_thumb/1988111566961864709/img/c-QRvAMRtVmHczzL.jpg,,in,1,,0,0,0,https://x.com/undefined/status/1988111704493093044,1869673304,,230
0,1987686648436695222,Mon Nov 10 01:00:01 +0000 2025,,19,Di balik kemerdekaan saat ini ada semangat para pahlawan yang berjuang tanpa pamrih untuk masa depan bangsa. Kini semangat itu hidup dalam banyak bentuk termasuk mereka yang terus menginspirasi dan mengedukasi agar kita lebih bijak mengelola keuangan menuju https://t.co/uHPxoplCXc,1987686648436695222,https://pbs.twimg.com/media/G5WuePzbYAAQGDX.jpg,,in,19,,0,1,6,https://x.com/undefined/status/1987686648436695222,1850568085,,170
5,1987029081033166981,Sat Nov 08 05:27:04 +0000 2025,,9,Pemerintah melalui Kementerian Keuangan secara resmi telah memasukkan penyusunan regulasi redenominasi rupiah ke dalam Rencana Strategis 2025-2029. Hal ini ini ditetapkan dalam Peraturan Menteri Keuangan (PMK) Nomor 70 Tahun 2025 yang mulai berlaku pada Oktober 2025. https://t.co/eRjzJp1az3,1987029081033166981,https://pbs.twimg.com/media/G5NYaZnbIAAxp9X.jpg,,in,9,,1,1,6,https://x.com/undefined/status/1987029081033166981,1391235014,,3657
0,1988029833188962676,Mon Nov 10 23:43:42 +0000 2025,,5,Orang Tua dan Guru Wajib Tahu! Tanda Anak Jadi Korban Bullying https://t.co/XltwIPy00v lewat @Keuangan News https://t.co/oA9pFl44gr,1988029833188962676,https://pbs.twimg.com/media/G5bmmQ1aQAAl7TP.jpg,,in,5,,0,1,0,https://x.com/undefined/status/1988029833188962676,1226436091617505281,,255
44,1985587819482697902,Tue Nov 04 06:00:01 +0000 2025,,776,Menteri Keuangan Purbaya Yudhi Sadewa baru tahu jabatannya punya kekuasaan untuk menindak kementerian atau lembaga jika ada yang nakal. Termasuk Badan Pengelola Investasi (BPI) Daya Anagata Nusantara (Danantara). &gt;&gt; https://t.co/rF4UKmLDfI https://t.co/ZzrWS4PFp7,1985587819482697902,https://pbs.twimg.com/amplify_video_thumb/1985579468203999234/img/YKr3P8D4h7bp4GTp.jpg,,in,776,,9,41,171,https://x.com/undefined/status/1985587819482697902,69183155,,66325
3,1986753944354222206,Fri Nov 07 11:13:47 +0000 2025,,5,Menteri Keuangan Purbaya Yudhi Sadewa berencana mengubah harga rupiah atau redenominasi dari Rp1.000 jadi Rp1. Aturan itu ditarget rampung pada 2027 mendatang. Hal itu tertuang dalam Peraturan Menteri Keuangan (PMK) Nomor 70 Tahun 2025 yang ditetapkan pada 10 Oktober 2025. https://t.co/Ll0oNZVdEU,1986753944354222206,https://pbs.twimg.com/media/G5JeJ_JbYAAETSI.jpg,,in,5,,0,3,0,https://x.com/undefined/status/1986753944354222206,132078023,,1306
1,1984914895713063228,Sun Nov 02 09:26:03 +0000 2025,,21,Pajak merupakan tulang punggung keuangan negara yang digunakan untuk membiayai pembangunan dan pelayanan publik. Namun ternyata tidak semua negara di dunia mengenakan Pajak Penghasilan (PPh) pribadi kepada warganya. Beberapa negara berikut memberikan kebebasan penuh kepada https://t.co/UJrbcPaifa,1984914895713063228,https://pbs.twimg.com/media/G4vVkrVb0AAkkZM.jpg,,in,21,,0,4,5,https://x.com/undefined/status/1984914895713063228,57261519,,3990
1,1987827010341851402,Mon Nov 10 10:17:45 +0000 2025,,49,Penetapan Tersangka Dalam Kasus Dugaan Ijazah Jokowi Alhasil Roy Suryo dkk Langsung Dapat Dukungan dari Netizen https://t.co/65GXNBZSXF lewat @Keuangan News https://t.co/U41kTuH3YJ,1987827010341851402,https://pbs.twimg.com/media/G5YuIZfbQAAkmQt.jpg,,in,49,,1,6,15,https://x.com/undefined/status/1987827010341851402,1226436091617505281,,619
9,1984985838296711535,Sun Nov 02 14:07:57 +0000 2025,,42,INFO LOKER : 1. S1 Profesi Kedokteran (3) 2. D3 Keperawatan (10) 3. D3 Kebidanan (3) 4. D3 Farmasi (1) 5. D3 Radiologi (1) 6. D3 RMIK (1) 7. D3 ATLM (1) 8. D3 Keuangan/D3 Manajemen Pajak/D3 Akuntasi Minat Perpajakan (1) 9. SMK Akuntansi (1) 10. SMA/SMK sederajat (1),1984985838296711535,,,in,42,,2,8,39,https://x.com/undefined/status/1984985838296711535,788477066,,8343
0,1988139937229926800,Tue Nov 11 07:01:13 +0000 2025,,2,Assalamu alaikum Sahabat Syariah! Gen Z saatnya upgrade cara kelola uang! Bukan sekadar nabung tapi punya Goal-Based Strategy biar setiap langkah finansialmu terarah dan berdampak. Atur keuangan dan investasi makin gampang cukup download aplikasi BYOND by BSI semua bisa https://t.co/Zuma1qiSZR,1988139937229926800,https://pbs.twimg.com/media/G5dKtACa8AEpl1P.jpg,,in,2,,0,0,0,https://x.com/undefined/status/1988139937229926800,141500996,,75
0,1986242278583869669,Thu Nov 06 01:20:36 +0000 2025,,14,Halo Sobat Migas! Divisi Umum dan Keuangan hadir bukan sekadar sebagai pendukung namun sebagai nadi bagi keberlangsungan operasional organisasi dengan memberikan layanan fasilitas dan pengelolaan keuangan yang optimal https://t.co/01sqEBcaDX,1986242278583869669,https://pbs.twimg.com/media/G5CM0iHa0AAVIA4.jpg,,in,14,,0,2,6,https://x.com/undefined/status/1986242278583869669,1130001950,,162
0,1984228930681970823,Fri Oct 31 12:00:16 +0000 2025,,16,Generasi muda punya peran penting dalam membentuk masa depan yang mandiri secara finansial. Dengan memahami dasar-dasar literasi finansial setiap keputusan keuangan bisa jadi lebih bijak dan terarah. Mulai dari hal sederhana mengenal cara mengatur pengeluaran menabung hingga https://t.co/Ixewx7NPzh,1984228930681970823,https://pbs.twimg.com/media/G4llsYlaEAEyBhr.jpg,,in,16,,0,0,5,https://x.com/undefined/status/1984228930681970823,1850568085,,233
0,1987779423396073738,Mon Nov 10 07:08:40 +0000 2025,,7,Joki menejemen keuangan dong dm dm,1987779423396073738,,,in,7,,0,26,1,https://x.com/undefined/status/1987779423396073738,1539939012580114432,,748
2,1985522103597334900,Tue Nov 04 01:38:53 +0000 2025,,8,Kena Pemeriksaan Pajak Panik? Stress? Gausah khawatir. Serahkan aja sama kita. Kita bantu sampai tuntas : 1. perhitungan nya berapa 2. bagaimana menjawab surat nya 3. hal-hal apa saja yang perlu diperhatikan 4. batas waktu dan cara nego nya #zonauang #coretax #zonajajan https://t.co/itsD6alQAL,1985522103597334900,https://pbs.twimg.com/media/G4391D5bQAMNzFq.jpg,,in,8,,1,0,6,https://x.com/undefined/status/1985522103597334900,826900245531357184,,1366
107,1986494958183080415,Thu Nov 06 18:04:39 +0000 2025,,516,Pemandangan pasar di malem hari indah juga ya https://t.co/xUR8NxfMCf,1986494958183080415,https://pbs.twimg.com/media/G5Fyn88bIAIOGGk.jpg,,in,516,,0,16,24,https://x.com/undefined/status/1986494958183080415,1603321273051803648,,11325
27,1985904645747982363,Wed Nov 05 02:58:58 +0000 2025,,264,‚ÄºÔ∏èIPHONE HILANG‚ÄºÔ∏è iphone 15 warna pink aku hilang tgl 29 okt dicopet di angkot di pasar pondok labu jam 12 siang. ini pict terakhir sebelum naik angkot. jam 1 aku lacak hp ku ada di kko cilandak https://t.co/T4MWpZhRfN,1985904645747982363,https://pbs.twimg.com/media/G49Zv5UaEAAfUKe.jpg,,in,264,,10,5,211,https://x.com/undefined/status/1985904645747982363,1434776019626459140,,19513
246,1984183604423840181,Fri Oct 31 09:00:10 +0000 2025,,416, yang udah paham soal investasi. aku mau tanya dong pilih mana ya antara pasar uang atau obligasi? jangan saranin saham karena kurang minat https://t.co/ml01DYZLCZ,1984183604423840181,https://pbs.twimg.com/media/G4k8eTtW8AALaZZ.jpg,,in,416,,4,22,28,https://x.com/undefined/status/1984183604423840181,1371650588,,35639
5,1984559824651370762,Sat Nov 01 09:55:08 +0000 2025,,53,Toyota secara resmi meluncurkan Century sebagai merek mewah mandiri dalam ajang Japan Mobility Show 2025 29 Oktober. Century disposisikan diatas Lexus untuk golongan¬†Ultra High Net Worth Individuals (UHNWI) bersaing dengan Rolls-Royce dan Bentley di pasar ultra-mewah. https://t.co/tXaepwgxE0,1984559824651370762,https://pbs.twimg.com/ext_tw_video_thumb/1984559795089911808/pu/img/vJDwgyA0_g2IO0ru.jpg,,in,53,,1,2,9,https://x.com/undefined/status/1984559824651370762,853206219611185152,,18641
1,1986637548958228758,Fri Nov 07 03:31:16 +0000 2025,,2,Baru pulang dari pasar https://t.co/aowvBk0QEY,1986637548958228758,https://pbs.twimg.com/media/G5H0UneaAAAKraR.jpg,,in,2,,0,1,0,https://x.com/undefined/status/1986637548958228758,1678637118179147776,,1935
0,1986320239680770510,Thu Nov 06 06:30:23 +0000 2025,,41,Harga XRP memang belum menunjukkan tanda pemulihan sepanjang November. Namun di balik tekanan harga dan suasana pasar yang didominasi ketakutan muncul tiga sinyal kuat yang justru menegaskan kepercayaan investor terhadap aset ini. Melansir dari Be(In)Crypto meskipun harga https://t.co/iDtAsTSV8U,1986320239680770510,https://pbs.twimg.com/media/G5DTrq3bIAAOHaN.jpg,,in,41,,0,12,9,https://x.com/undefined/status/1986320239680770510,2339859001,,2809
17,1986081129892647120,Wed Nov 05 14:40:15 +0000 2025,,21,Jual / WTS iPhone 16 Pro Max 256 GB Kondisi fullset mulus BH 100%. Garansi sampai Januari 2026. Belinya di Apple korea (januari 2025) Harga offer aja kali ya??? Jujur gatau harga pasar. Boleh COD an https://t.co/bVk2NLMATB,1986081129892647120,https://pbs.twimg.com/media/G4_6QjUbwAEEB-O.jpg,,in,21,,0,3,7,https://x.com/undefined/status/1986081129892647120,1073069247650095110,,4637
35,1985521495519764936,Tue Nov 04 01:36:28 +0000 2025,,214,[Breaking News] 08:27 Info awal lur ada kecelakaan orang ketabrak kereta lodaya di Pasar Prambanan dekat pasar sapi pagi ini. Jika sudah ada info lanjutan kami sampaikan kembali . https://t.co/jLetkOsxuP,1985521495519764936,https://pbs.twimg.com/amplify_video_thumb/1985521438594646018/img/XKqBHnh-GpHfXYpU.jpg,,in,214,,8,12,30,https://x.com/undefined/status/1985521495519764936,1279804428724211712,,96710
132,1985989349192921215,Wed Nov 05 08:35:33 +0000 2025,,399,the reason why i love going to Pasar Senen: kacamata cuma 150 ribu udah frame &amp; lensa WORTH THE HYPEEE MAU BALIK LAGI https://t.co/7ZnxCe7TkR,1985989349192921215,https://pbs.twimg.com/media/G4-myLcbsAEoDJs.jpg,,in,399,,32,84,157,https://x.com/undefined/status/1985989349192921215,1270376478270582785,,18816
59,1984264346156007861,Fri Oct 31 14:21:00 +0000 2025,,87,Pasar modal üá∫üá∏ adalah yang terbesar dunia dengan Apple Google Microsoft Amazon Meta (IG WA FB) Pfizer Nvidia di dalamnya Makin banyak investor üáÆüá© yang investasi ke saham üá∫üá∏ tapi hati2 kalau tidak direncanakan dengan baik ada potensi kena pajak warisan hingga 40% https://t.co/UfAenEo6c1,1984264346156007861,https://pbs.twimg.com/amplify_video_thumb/1984264269819764736/img/IYVVa4E47kIjWyLK.jpg,,in,87,,1,3,25,https://x.com/undefined/status/1984264346156007861,574453228,,12090
30,1986392327880122739,Thu Nov 06 11:16:51 +0000 2025,,284,pasar bunga pandu Bandung is a verb Í™Ü‡ßé·¢âê≠© https://t.co/nPGQyudi3D,1986392327880122739,https://pbs.twimg.com/media/G5EVSUra4AA1Msv.jpg,,in,284,,4,5,6,https://x.com/undefined/status/1986392327880122739,1681642652566163457,,12876
64,1987311578870694023,Sun Nov 09 00:09:37 +0000 2025,,4088,Hari Jumat 7 November 2025 kami sedang menikmati Rujak Cingur di pasar Rawabening Jatinegara ketika Polda Metro Jaya breaking news menetapkan saya dan dua sahabat Roy Suryo dan Rismon Sianipar serta 5 Aktivis lainnya sebagai Tersangka. Rujak Cingur tetap habis dimakan https://t.co/PHhpJfilva,1987311578870694023,https://pbs.twimg.com/media/G5RZWMMbAAEov4Y.jpg,,in,4088,,37,471,1205,https://x.com/undefined/status/1987311578870694023,1502822366946402304,,65143
0,1987087506643558685,Sat Nov 08 09:19:14 +0000 2025,,13,Baru pertama kali tau kalo pasar atom bisa mati lampu @e100ss https://t.co/nUoNtyEtHz,1987087506643558685,https://pbs.twimg.com/media/G5ONiYibIAYy8KY.jpg,,in,13,,0,2,0,https://x.com/undefined/status/1987087506643558685,282878821,,1350
0,1984330823395615129,Fri Oct 31 18:45:10 +0000 2025,,3,today @ pasar bunga bandungan semarang https://t.co/n16Gf1K1S7,1984330823395615129,https://pbs.twimg.com/media/G4nCVBla4AASFhF.jpg,,in,3,,0,3,0,https://x.com/undefined/status/1984330823395615129,1628270183650594817,,627
18,1984550337936834746,Sat Nov 01 09:17:26 +0000 2025,,166,Sore itu seperti jajanan pasar sederhana tapi selalu membawa rasa bahagia... https://t.co/TH2iN4rYqb,1984550337936834746,https://pbs.twimg.com/ext_tw_video_thumb/1984550099046047744/pu/img/B8IotW8lckjuI_u3.jpg,,in,166,,0,5,28,https://x.com/undefined/status/1984550337936834746,1605846586504118272,,4250
2,1986334067818963041,Thu Nov 06 07:25:20 +0000 2025,,31,Pemerintah Jepang telah menetapkan target ambisius: memperluas pasar hiburan di luar negeri hingga 20 triliun yen (sekitar 2 1 kuadriliun rupiah) pada tahun 2033. Rencana ini mencakup dukungan besar bagi studio anime pengembang game dan kreator yang ingin memperluas jangkauan https://t.co/fg0XUx3PsJ,1986334067818963041,https://pbs.twimg.com/media/G5DgN2UbwAASDwT.jpg,,in,31,,0,1,1,https://x.com/undefined/status/1986334067818963041,1210780624035860480,,1644
71,1986414510069207179,Thu Nov 06 12:44:59 +0000 2025,,229,Pasar malam https://t.co/zYz11XpT7e,1986414510069207179,https://pbs.twimg.com/ext_tw_video_thumb/1986414455207694336/pu/img/zNXTq3HQ3JzcBHDx.jpg,,in,229,,0,7,23,https://x.com/undefined/status/1986414510069207179,1766834106107887617,,11777
194,1984183604423840181,Fri Oct 31 13:34:27 +0000 2025,,183,@tanyarlfes kalau masih awam mulai dari reksa dana pasar uang (rdpu) dulu itu yang paling low risk. selanjutnya cara pilih produk rdpunya lihat indikator: 1. return cari yang tinggi dan konsisten 2. cagr cari yang tinggi 3. drawdown semakin mendekati 0% semakin stabil 4. lanjut di bawah https://t.co/pl1axfv8DR,1984252630810689569,https://pbs.twimg.com/media/G4l7P0makAAOEpu.jpg,tanyarlfes,in,183,,0,6,23,https://x.com/undefined/status/1984252630810689569,330234622,,7667
9,1988055779178590225,Tue Nov 11 01:26:48 +0000 2025,,124,[Breaking News] Info awal terjadi Kecelakaan di Kalijambe Jl. Magelang Km. 20 Pasar Kalijambe Kec. Bener. Truk t√®ngki solar 16.000 liter rem blong menabrak kios pasar yg sedang hari pasaran. Korban : 1. Mobil pickup suplier brambang sayuran sopir terjepit sdh dievakuasi. https://t.co/8SNrm8Pvmh,1988055779178590225,https://pbs.twimg.com/amplify_video_thumb/1988055637079846915/img/NZyH7YeXq2a5UxcK.jpg,,in,124,,10,28,13,https://x.com/undefined/status/1988055779178590225,1279804428724211712,,25605
0,1988114771171037351,Tue Nov 11 05:21:13 +0000 2025,,12,Akulah si wibu pasar itu https://t.co/8iheRXEI2P,1988114771171037351,https://pbs.twimg.com/media/G5cz1m4bcAEsGJ8.jpg,,in,12,,0,2,0,https://x.com/undefined/status/1988114771171037351,1396824373181370369,,86
11,1988048836263374982,Tue Nov 11 00:59:13 +0000 2025,,90,Kejadian pagi ini 11/11/2025 di Pasar Sidosari Kalijambe Purworejo Jateng. Truk diduga mengalami rem blong. Sebelumnya di daerah tersebut pernah terjadi kecelakaan yang sangat fatal menyebabkan total¬†12 orang meninggal dunia¬†(10 guru SD 1 sopir angkot dan 1 sopir truk) https://t.co/VSBhZYJNwQ,1988048836263374982,https://pbs.twimg.com/ext_tw_video_thumb/1988048748703084544/pu/img/0kZaJXMDtbMfMvm6.jpg,,in,90,,2,6,28,https://x.com/undefined/status/1988048836263374982,1282751327588585473,,3536
10,1986266855678615856,Thu Nov 06 02:58:16 +0000 2025,,44,Bro: Seberapa volatil pasar kripto ? Me : https://t.co/uOAZfMonAE,1986266855678615856,https://pbs.twimg.com/amplify_video_thumb/1957897499412180992/img/EUxDfSgkDWbv5qIR.jpg,,in,44,,0,9,4,https://x.com/undefined/status/1986266855678615856,1689171209588744192,,3786
21,1984856815146828179,Sun Nov 02 05:35:16 +0000 2025,,34,trsa tum mau tanya pc ini pc pop up yang apa ya? harga satuannya berapa kira¬≤? tia https://t.co/sz25ulJI74,1984856815146828179,https://pbs.twimg.com/media/G4ugwSnW8AAOtvD.jpg,,in,34,,4,1,3,https://x.com/undefined/status/1984856815146828179,767363163989774336,,3607
0,1986767849197809845,Fri Nov 07 12:09:02 +0000 2025,,6,Iseng beli alpukat sekilonya cuma 15k biasanya di pasar 30k ke atas. Nggak ekspek bakal secantik ini alpukatnyaaa Harusnya lebih cantik kalo fotonya gapake flash (foto kedua) tapi ga keliatan soalnya mati lampu https://t.co/eRn5szJ8Sr,1986767849197809845,https://pbs.twimg.com/media/G5JqwfYbAAA4El2.jpg,,in,6,,0,9,0,https://x.com/undefined/status/1986767849197809845,1097480446181400576,,1167
0,1984645919749599305,Sat Nov 01 15:37:14 +0000 2025,,19,lucu yes baju pasar malam ini https://t.co/oFO72FZ5q3,1984645919749599305,https://pbs.twimg.com/media/G4rg8WKbQAYjn7V.jpg,,in,19,,0,3,0,https://x.com/undefined/status/1984645919749599305,1783782576211255296,,571
0,1985756915255951771,Tue Nov 04 17:11:56 +0000 2025,,22,thinking of wanting to open komis- infokan harga pasar dung :'3 aku ga ngerti hiks #shirotenart #rkgk https://t.co/Ifp8xVtfhX,1985756915255951771,https://pbs.twimg.com/media/G47TPj_bQAMyvMY.jpg,,in,22,,0,1,5,https://x.com/undefined/status/1985756915255951771,1850931551695208448,,494
1,1984076652213620936,Fri Oct 31 01:55:10 +0000 2025,,19,Minta bantuannya untuk share barangkali ada yg melihat kucingku didaerah pasar pulogadung/rawamangun dibuang sm orang didaerah tsb.. bila ada yg melihat/menemui/merawat krabbi akan ada imbalan sepantasnya. bisa hubungi saya terimakasih https://t.co/9ShUo6J7zA,1984076652213620936,https://pbs.twimg.com/media/G4jbM2oXAAAdwGP.jpg,,in,19,,1,0,16,https://x.com/undefined/status/1984076652213620936,1331650559518990336,,4808
0,1987790635777331676,Mon Nov 10 07:53:13 +0000 2025,,52,Harga Telus Rakyat Lega! KPDN perluas kerjasama digital bersama pasar raya Sabah! MoU dengan Bataras &amp; CKS Retail kukuhkan perkongsian data harga. Info harga terus ke aplikasi PriceCatcher mudah pantas &amp; telus! #RancakkanMADANI #MADANIBekerja #JabatanPenerangan https://t.co/AH6qiNXUgH,1987790635777331676,https://pbs.twimg.com/media/G5YNCzua0AAcw6r.jpg,,in,52,,3,0,49,https://x.com/undefined/status/1987790635777331676,114914506,,379
2,1986154641323970969,Wed Nov 05 19:32:22 +0000 2025,,39,Now at Pasar Karangayu #semarang https://t.co/FZtMeiHXfQ,1986154641323970969,https://pbs.twimg.com/media/G5A9GOfbIAEkWS2.jpg,,in,39,,0,6,0,https://x.com/undefined/status/1986154641323970969,1159252378144534528,,2017
0,1988126837248323612,Tue Nov 11 06:09:10 +0000 2025,,0,Kecelakaan maut terjadi di Jalan Raya Purworejo Magelang tepatnya di depan Pasar Kalijambe Desa Kalijambe Kecamatan Bener Kabupaten Purworejo Jawa Tengah Sumber: https://t.co/G7wIPt9pck. | #Purworejo https://t.co/yujQAXmxcV,1988126837248323612,https://pbs.twimg.com/media/G5c-z8FbcAMFqQK.jpg,,in,0,,0,0,0,https://x.com/undefined/status/1988126837248323612,23343960,,647
0,1987860883771461866,Mon Nov 10 12:32:22 +0000 2025,,3,Pasar Pusat Pasar Medan sudah lama dikenal sebagai salah satu denyut nadi perdagangan di Kota Medan. Tempat ini jadi lokasi bertemunya pedagang pembeli dan pelaku usaha dari berbagai daerah mulai dari kebutuhan harian bahan pokok hingga aneka produk khas Medan. Nggak heran https://t.co/8HG0frUA6O,1987860883771461866,https://pbs.twimg.com/amplify_video_thumb/1987860690766540800/img/NRJhMMEUtQEiwNlL.jpg,,in,3,,0,0,0,https://x.com/undefined/status/1987860883771461866,2578289821,,78
1,1985231683818598816,Mon Nov 03 06:24:51 +0000 2025,,15,Nemenin Doni ke pasar buat nyari seafood.... https://t.co/A83snhz3Qn,1985231683818598816,https://pbs.twimg.com/media/G4z1r5UbcAA2DOX.jpg,,in,15,,1,2,1,https://x.com/undefined/status/1985231683818598816,1303753640847392769,,1284
2,1987497579530293527,Sun Nov 09 12:28:43 +0000 2025,,40,Joroknya nggak ketulungan. Pasar Caringin Bandung https://t.co/4XOeMeC9HF,1987497579530293527,https://pbs.twimg.com/ext_tw_video_thumb/1987497530100465664/pu/img/D9knkAnOtRbNScQN.jpg,,in,40,,2,10,24,https://x.com/undefined/status/1987497579530293527,1462301251199143936,,3026
0,1988143056449925569,Tue Nov 11 07:13:37 +0000 2025,,1,Kecelakaan melibatkan tangki solar dan mobil carry. Peristiwa itu terjadi di depan Pasar Kalijambe Desa Kalijambe Kecamatan Bener Purworejo pagi tadi. Ini identitas 4 korban. Via @detikjatengcom https://t.co/JKi6XcvQvi,1988143056449925569,,,in,1,,0,1,0,https://x.com/undefined/status/1988143056449925569,69183155,,294
8,1986716544345272606,Fri Nov 07 08:45:10 +0000 2025,,12,Trsa pasaran pc jeongwoo mng ini berapa ya? https://t.co/GkuynP5jFT,1986716544345272606,https://pbs.twimg.com/media/G5I8KssWgAA0_JN.jpg,,in,12,,0,4,0,https://x.com/undefined/status/1986716544345272606,767363163989774336,,1950
50,1985721771828580794,Tue Nov 04 14:52:17 +0000 2025,,210,$BTC - Kok Turun? Secara garis besar dari segi makro kita seharusnya melihat kondisi dan juga lingkungan yang sangat bullish untuk pasar Kripto. Mulai dari pemotongan suku bunga yang dasarnya bullish untuk aset berisiko QT dari The Feds yang akan berakhir dan juga pasar https://t.co/d9wTAV9xgI,1985721771828580794,https://pbs.twimg.com/media/G46LdPba4AACd3H.jpg,,in,210,,0,14,22,https://x.com/undefined/status/1985721771828580794,1727529782186049536,,15872
1,1987816832372441393,Mon Nov 10 09:37:19 +0000 2025,,18,Info min Terjadi kecelakaan di pasar sambilegi timur bangjo kalo keutara ke ring road sekitaran jam set4 tadi krinologi tertabrak oleh mobil grand max lalu md di tempat .mobil sempet kabur lalu dikejar warga setempat dan berhasil di amankan ((Erlangga_djogja) https://t.co/jfi4MKNuyR,1987816832372441393,https://pbs.twimg.com/amplify_video_thumb/1987816772645572608/img/wA6BCsUBgg5xWt2x.jpg,,in,18,,1,4,2,https://x.com/undefined/status/1987816832372441393,1279804428724211712,,5647
10,1986386897753477479,Thu Nov 06 10:55:16 +0000 2025,,11,Trss tawarin pc wishlist ku ini dongg https://t.co/6GRXHws5N1,1986386897753477479,https://pbs.twimg.com/media/G5EQWyPWQAAQqhD.jpg,,in,11,,0,16,0,https://x.com/undefined/status/1986386897753477479,767363163989774336,,2326
0,1985690439966736410,Tue Nov 04 12:47:47 +0000 2025,,2,ga ada kelas sehari langsung ke pasar cimol (maas maf) https://t.co/3woDj9Ak9a,1985690439966736410,https://pbs.twimg.com/media/G46W7LMbUAETm61.jpg,,in,2,,0,0,0,https://x.com/undefined/status/1985690439966736410,1806385278153900032,,209
1,1988060299384287557,Tue Nov 11 01:44:46 +0000 2025,,34,[Breaking News] Info awal terjadi Kecelakaan di Kalijambe Jl. Magelang Km. 20 Pasar Kalijambe Kec. Bener. Truk t√®ngki solar 16.000 liter rem blong menabrak kios pasar yg sedang hari pasaran. Korban : 1. Mobil pickup suplier brambang sayuran sopir terjepit sdh https://t.co/ddNg8IMCsY,1988060299384287557,https://pbs.twimg.com/ext_tw_video_thumb/1988060220191621120/pu/img/PIpTUpCo1d1WaWDm.jpg,,in,34,,1,3,6,https://x.com/undefined/status/1988060299384287557,785145642,,3843
0,1984570741132841031,Sat Nov 01 10:38:30 +0000 2025,,32,Ke pasar! Ô∏è https://t.co/zBDGUFX4Zy,1984570741132841031,https://pbs.twimg.com/media/G4qcghQaIAAbyX0.jpg,,in,32,,0,7,1,https://x.com/undefined/status/1984570741132841031,79430599,,1545
0,1988047455313948780,Tue Nov 11 00:53:44 +0000 2025,,37, Pasar &amp; Gerai Lebih Selesa Untuk Rakyat! RM60 juta disediakan bagi: Membina gerai baharu Membaiki pasar awam di seluruh PBT Demi persekitaran niaga yang selesa &amp; ekonomi tempatan yang segar! #RancakkanMADANI #MADANIBekerja #TaatSetia #JabatanPenerangan https://t.co/iSjQAChJEn,1988047455313948780,https://pbs.twimg.com/media/G5b2n1bbcAUop6R.jpg,,in,37,,3,0,35,https://x.com/undefined/status/1988047455313948780,114914506,,355
22,1985875585726390317,Wed Nov 05 01:03:31 +0000 2025,,26,Gimana Caranya Beli Saham Pas Lagi di Bottom ? Kamu pasti pernah dengar istilah ini: Cash is King . Orang bilang kalau pasar lagi turun tajam kamu harus punya banyak cash supaya nanti bisa borong saham di harga murah. Tapi masalahnya kebanyakan orang cuma ngomong gitu aja. https://t.co/YbCHKn0ZPH,1985875591636066304,https://pbs.twimg.com/media/G48-VHEXsAACzI_.jpg,cukhurukuque,in,26,,0,1,4,https://x.com/undefined/status/1985875591636066304,1509650609120718860,,4746
0,1986409113199472919,Thu Nov 06 12:23:32 +0000 2025,,12,Santa pasar https://t.co/medUnurlak,1986409113199472919,https://pbs.twimg.com/media/G5Ekj5CbIAMQCvY.jpg,,in,12,,0,5,0,https://x.com/undefined/status/1986409113199472919,1394604835945664518,,668
0,1987947458597650629,Mon Nov 10 18:16:23 +0000 2025,,21,mau ngetik pasar kenapa jadi pacar gua malem ini lagi kenapasi https://t.co/laAcN4AdNV,1987947458597650629,https://pbs.twimg.com/media/G5abquYbcAMsklE.jpg,,in,21,,0,8,0,https://x.com/undefined/status/1987947458597650629,1930496212689674240,,834
67,1987816756153626640,Mon Nov 10 09:37:01 +0000 2025,,200,Saham itu cermin kepribadian kita. Awalnya aku kira market cuma soal analisis dan angka. Ternyata semakin lama di pasar aku makin sadar yang diuji bukan otak tapi sifat dasar manusia.,1987816756153626640,,,in,200,,16,6,69,https://x.com/undefined/status/1987816756153626640,534098008,,27052
10,1986318958518235592,Thu Nov 06 06:25:18 +0000 2025,,89,Terpantau di Access by KAI per 01 Desember 2025 untuk kereta dari Pasar Senen yang melewati Cirebon hanya KA Jayabaya dan Gaya Baru Malam Selatan saja yang masih dijual tiketnya. Sedangkan dari Gambir hanya beberapa KA yang hilang bahkan Taksaka kereta setrika masih ada. https://t.co/ZswKHKdULM,1986318958518235592,https://pbs.twimg.com/media/G5DSj0AaEAAN-kM.jpg,,in,89,,7,12,12,https://x.com/undefined/status/1986318958518235592,1691872539658825729,,14352
2,1985572316466544678,Tue Nov 04 04:58:25 +0000 2025,,21,Industri Mobil Eropa Hancur Pelan-Pelan Kendaraan Listrik China Menggerogoti Pasar Eropa China tidak lagi hanya menjadi pabrik dunia. Mereka kini mengirim pasukan senyap ke Eropa bukan tentara tapi mobil listrik. BYD NIO XPeng dan merek China lainnya mulai mendominasi https://t.co/GMaM2M9jEY,1985572316466544678,https://pbs.twimg.com/amplify_video_thumb/1985572174300921859/img/TypgfwGCo_Il5FIt.jpg,,in,21,,1,1,8,https://x.com/undefined/status/1985572316466544678,1875086359578472450,,573
0,1984961342571467136,Sun Nov 02 12:30:37 +0000 2025,,6,Kalah Bersaing Eropa Ultimatum ke China: Serahkan Teknologi Baterai atau Angkat Kaki dari Eropa! Uni Eropa kini tak lagi bermain halus. Produsen kendaraan listrik China diberi pilihan: serahkan teknologi baterai dan otomotif inti atau angkat kaki dari pasar Eropa. Di balik https://t.co/0gWS3C29uA,1984961342571467136,https://pbs.twimg.com/amplify_video_thumb/1984961058927464448/img/o_WOJmmMOwI7zsvg.jpg,,in,6,,0,1,1,https://x.com/undefined/status/1984961342571467136,1875086359578472450,,316
1,1987404232094588946,Sun Nov 09 06:17:47 +0000 2025,,6,Akhirnya nemu juga yang namanya Adas. Ngider pasar nyari Adas susah bgt. Dan ternyata banyak yg ga tau Adas taunya Jinten Hampir mirip tapi beda ukuran. Rasanya juga beda. Adas lebih aromatik daripada Jinten. Adas Jinten https://t.co/GRqV1N62we,1987404232094588946,https://pbs.twimg.com/media/G5StmHSbIAIUlnd.jpg,,in,6,,2,5,0,https://x.com/undefined/status/1987404232094588946,72810142,,938
12,1986969467952222671,Sat Nov 08 01:30:11 +0000 2025,,11,trss teman tumi ada yang punya GO dan bisa titip jual ga ya? aku mau sale ini kalo ada boleh dm ke @haruuchan0 https://t.co/CMPqcBPnkg,1986969467952222671,https://pbs.twimg.com/media/G5MiM0fXIAAIP-q.jpg,,in,11,,0,4,0,https://x.com/undefined/status/1986969467952222671,767363163989774336,,1974
0,1988108568705593583,Tue Nov 11 04:56:34 +0000 2025,,3,Ibu dan setan pergi ke pasar membeli pisang. https://t.co/T7MQDceC0L,1988108568705593583,https://pbs.twimg.com/media/G5cuNQfbEAAOCPa.jpg,,in,3,,0,2,0,https://x.com/undefined/status/1988108568705593583,1204971454820806656,,43
0,1986637437112885733,Fri Nov 07 03:30:49 +0000 2025,,5,Baru pulang dari pasar https://t.co/6i0rboyIyI,1986637437112885733,https://pbs.twimg.com/media/G5H0OFkbIAEnXt_.jpg,,in,5,,0,0,0,https://x.com/undefined/status/1986637437112885733,1678637118179147776,,361
0,1986734031573221877,Fri Nov 07 09:54:39 +0000 2025,,6,persaingan tak dapat dielakkan dalam pasar bebas. bagaimana nasib kedai kopi tempatan? perlu lawan dengan murahkan lagi atau terus tarik diri dari industri? video kali ni kami nak kongsikan pendapat kami tentang situasi ni. https://t.co/WtyP7EsiON,1986734031573221877,https://pbs.twimg.com/amplify_video_thumb/1986733708263796736/img/vrYzDYm0gmtN2P2X.jpg,,in,6,,0,1,2,https://x.com/undefined/status/1986734031573221877,91702730,,382
1,1986434658742022613,Thu Nov 06 14:05:03 +0000 2025,,9,Baru mau mulai trading aset kripto? Kabar baik di FLOQ kamu bisa trading Spot tanpa biaya alias ZERO FEE! Pasar Spot cocok banget buat pemula karena kamu benar-benar punya asetnya. Kalau harga turun kamu masih bisa simpan dan tunggu waktu yang pas buat jual lagi! Mulai https://t.co/etNo4wK2CJ,1986434658742022613,https://pbs.twimg.com/media/G5E7psYWkAAYY_K.jpg,,in,9,,0,1,1,https://x.com/undefined/status/1986434658742022613,1874663741008330752,,384
0,1988100622630178969,Tue Nov 11 04:25:00 +0000 2025,,1,RSUD Pasar Minggu Buka Rekrutmen 2025 Dibutuhkan Perawat dan Apoteker! https://t.co/H3AVPnTI80,1988100622630178969,,,in,1,,0,0,0,https://x.com/undefined/status/1988100622630178969,71436318,,636
0,1987392075114180819,Sun Nov 09 05:29:29 +0000 2025,,16,Pasar Klojen Malang https://t.co/hP7BQlz2OI,1987392075114180819,https://pbs.twimg.com/media/G5SijQubIAUFvM3.jpg,,in,16,,0,0,0,https://x.com/undefined/status/1987392075114180819,1718133551030476800,,409
2,1985655953203888262,Tue Nov 04 10:30:45 +0000 2025,,30,Pasokan uang global tembus US$115 9 triliun angka ini naik dalam beberapa waktu terakhir yang biasanya diikuti reli pasar. Namun nahasnya pasar crypto malah turun dan cenderung sideways. Selengkapnya di https://t.co/lTluxIfzEs atau klik link di bio. #AkademiCryptoNews https://t.co/8LvosTVv0r,1985655953203888262,https://pbs.twimg.com/media/G453jQZbQAMPuwR.jpg,,in,30,,0,1,2,https://x.com/undefined/status/1985655953203888262,1673276769355575296,,1550
0,1984542583419519399,Sat Nov 01 08:46:37 +0000 2025,,27,Jemput aku di stasiun pasar senen besok pagi https://t.co/4dyRPK64JW,1984542583419519399,https://pbs.twimg.com/media/G4qC9RNbQAMBwC6.jpg,,in,27,,0,7,0,https://x.com/undefined/status/1984542583419519399,834873705800994816,,5881
